id,date,name,is_recurring,created_at
1,2025-01-01,Новый год,0,2025-05-28 21:11:41
2,2025-01-07,Рождество,0,2025-05-28 21:11:41
3,2025-02-23,День защитника Отечества,0,2025-05-28 21:11:41
4,2025-03-08,Международный женский день,0,2025-05-28 21:11:41
5,2025-05-01,Праздник Весны и Труда,0,2025-05-28 21:11:41
6,2025-05-09,День Победы,0,2025-05-28 21:11:41
7,2025-06-12,День России,0,2025-05-28 21:11:41
8,2025-11-04,День народного единства,0,2025-05-28 21:11:41
