id,telegram_id,full_name,phone,location,is_verified,username,is_deleted
1,361126810,Виктор Горбунков,+79093833303,Офис,1,Vitekvl,0
2,5853575623,Светлана Комиссарова,79173347648,Офис,1,,0
3,1259421542,Мельников Алексей,79371960654,Офис,1,idietricht9,0
4,780871547,Мезин Антон,79054825775,Офис,1,Ettternal,0
5,5166033725,Юлия Чибрикова,79876548700,Офис,1,yuliya_chib,0
6,510902916,Горбунков Виктор,79376937743,Офис,1,xVasya,0
7,1711136407,Сергей Ткачёв,79297859987,Офис,1,,0
8,1122327153,NULL,NULL,NULL,0,,0
9,386987188,Максим Лапиков,+79377203919,Офис,1,reMakson,0
10,278697583,NULL,NULL,NULL,0,,0
11,1582698705,NULL,NULL,NULL,0,Vikuliakry,0
12,445762186,NULL,NULL,NULL,0,Symrak_34,0
13,564364607,Дмитрий Ломков,79033714524,ПЦ 1,1,,0
14,5844234006,Алексей Ратанов,79375562956,ПЦ 1,1,,0
15,5347378324,Толпекин Геннадий,79033178014,ПЦ 1,1,,0
16,613782386,Кирилл Раковский,79954151555,ПЦ 1,1,kiruxa608,0
17,907711526,NULL,NULL,NULL,0,AlekseyAlekhin,0
18,800884320,Владимир Одинев,79272517903,Офис,1,V_1ev,0
19,5363724108,Данил Головачев,79880112605,ПЦ 1,1,,0
20,5168720038,Евгений Иванов,79047731820,ПЦ 1,1,,0
21,5135998205,Евстегнеев Роман,79377266440,ПЦ 1,1,,0
22,6739316090,Александр Горбунков,79178410297,ПЦ 1,1,,0
23,1771182922,Семён Беликин,79963565194,Офис,1,Belikins,0
24,1045267098,NULL,NULL,NULL,0,,0
25,706587104,NULL,NULL,NULL,0,danilsamoilov,0
26,1076384372,NULL,NULL,NULL,0,,0
27,6144704371,Александр Кобликов,79026584210,ПЦ 1,1,,0
28,6938116480,Марина Ратанова,+79178437839,Офис,1,,0
29,875995653,NULL,NULL,NULL,0,,0
30,1149585013,Чуракова Марина,79050640116,Офис,1,Marina_Chur,0
31,1886457018,NULL,NULL,NULL,0,Valzometr,0
32,362350811,Иван Рублев,+79275430696,Офис,1,IvanRazvedos,0
33,721812285,Вячеслав Гридин,79880233353,Офис,1,roozcore,0
34,2060720486,NULL,NULL,NULL,0,a_6roman_novel9,0
35,2082120027,Ирина Зайка,+79047713804,Офис,1,Irbis1987,0
36,365641064,Рустам Бабаев,+79375347773,ПЦ 1,1,B_Rus34,0
37,1409195448,NULL,NULL,NULL,0,Serginade,0
38,1040776280,NULL,NULL,NULL,0,,0
39,1263539523,Владимир Сундуков,79177237558,Офис,1,,0
40,352659889,Мошкин Сергей,79692932259,Офис,1,electro_moshkin,0
41,1082058254,Равиль Кумаров,+79377472598,Офис,1,Rav_KA,0
42,1456888715,Максим Прохоров,79969136083,Офис,1,,0
